key,pair,signs_apart,aspect,meter,card_line,chip,s21_head,s21_body,s21_try
moon-moon:0,"Moon and Moon (feelings, recharging)",0,Conjunction,spark,"Same moods, same timing. Plan the cozy dates.",In sync emotionally,You feel things on the same schedule.,"Your Moons are in the same sign, and the Moon is how you feel and recharge. Dates will have an easy, matching mood and you will want the same kind of night. Lean into low key dates, and take turns lifting the mood when you both dip.","Open with: ""Perfect lazy Sunday, go."""
moon-moon:1,"Moon and Moon (feelings, recharging)",1,Semi sextile,rub,You recharge differently. Ask before you plan.,Different ways to recharge,"Close, but you unwind in different ways.","Your Moons sit side by side, so you care about similar things but refuel differently. After a long week one of you wants a quiet dinner, the other wants to go out. Ask what kind of night {name} needs before you pick the plan.","Open with: ""Long week. Quiet dinner or loud bar?"""
moon-moon:2,"Moon and Moon (feelings, recharging)",2,Sextile,align,Bad day? {name} knows how to settle it.,Calms you down,Easy to be around after a long day.,"Your Moons make a friendly angle, so your emotional styles fit. Early dates feel relaxed, not like interviews, and small gestures land. Keep plans simple, they will feel special anyway.","Date idea: takeout and a walk, no big plans."
moon-moon:3,"Moon and Moon (feelings, recharging)",3,Square,rub,"Under stress, one wants space. Agree on a signal.",Different needs under stress,"When it gets hard, you reach in different directions.","Your Moons clash, and the Moon is how you handle feelings. After a rough day one of you goes quiet and the other wants to talk, and both can feel ignored. Agree early on a simple signal like ""I need an hour"" so nobody takes it personally.","Ask {name}: ""Stressed, do you want company or space?"""
moon-moon:4,"Moon and Moon (feelings, recharging)",4,Trine,align,Your idea of a perfect night in already matches.,Same idea of comfort,Your comfort zones overlap.,"Your Moons share an element, so what feels safe and cozy to you feels that way to {name} too. Dates at home or somewhere familiar feel natural fast. This is the kind of ease that turns a few dates into a relationship.",Date idea: cook one dish together.
moon-moon:5,"Moon and Moon (feelings, recharging)",5,Quincunx,rub,You show care at different times. Check in first.,Emotional timing is off,"You both care, just not on the same clock.","Your Moons sit at an awkward angle, so your emotional timing differs. A text that feels sweet at 11pm to one of you can feel like too much to the other. Ask how {name} likes to be checked on, and match it.","Ask {name}: ""Good morning texts: cute or too much?"""
moon-moon:6,"Moon and Moon (feelings, recharging)",6,Opposition,spark,{name} reads what you don't say. That's the pull.,Reads you easily,You notice each other's hidden side.,"Your Moons are opposite, which creates a strong pull between how you each feel. On dates you will notice what the other hides, which is exciting and a little exposing. Share one real thing early instead of waiting to be read.","Open with: ""What do people usually get wrong about you?"""
moon-sun:0,"Sun and Moon (who you are, what they need)",0,Conjunction,spark,One of you is exactly what the other needs.,Instant recognition,It feels like you already know each other.,"A Sun on a Moon is one of the oldest signs of a lasting bond: who one person is matches what the other needs. First dates skip the awkward phase. Do not rush just because it feels easy, let it build.","Open with: ""Weirdly feels like we have met. Have we?"""
moon-sun:1,"Sun and Moon (who you are, what they need)",1,Semi sextile,rub,The interest is there. Say it out loud early.,Needs to be said out loud,"Close, but not mind readers.","Your Sun and Moon are one sign apart, so the interest is real but hints get missed. What feels obvious to you may not register with {name}. Be clearer than usual: say you had fun, say you want a second date.","After the date, text: ""Had a really good time. Again soon?"""
moon-sun:2,"Sun and Moon (who you are, what they need)",2,Sextile,align,{name} is at ease around you. Keep it simple.,Easy to be around,Warm and easy from the start.,"Your Sun and Moon make a friendly angle: one brings the energy, the other feels comfortable with it. First dates will not need a big plan. Pick something relaxed and let the conversation do the work.",Date idea: coffee that turns into a walk.
moon-sun:3,"Sun and Moon (who you are, what they need)",3,Square,rub,"One moves fast, one needs time. Match the pace.",Different pace,One of you is ready before the other.,"Your Sun and Moon square off: one of you acts first and feels later, the other needs time. In dating that shows up as one texting more or wanting to define things sooner. Talk about pace early and it becomes respect, not pressure.","Ask {name}: ""Slow burn or fast and obvious, what is your style?"""
moon-sun:4,"Sun and Moon (who you are, what they need)",4,Trine,align,Who you are fits what {name} needs. That's rare.,Natural fit,The classic long term pairing.,"Your Sun and Moon share an element, so one person's personality matches what the other needs to feel good. Dates feel easy and you will want a second one. If you are looking for something serious, this is a strong sign.","Ask {name}: ""What does a good relationship look like to you?"""
moon-sun:5,"Sun and Moon (who you are, what they need)",5,Quincunx,rub,Your flirting may not read. Ask how {name} flirts.,Signals get crossed,"Same intent, different signals.","Your Sun and Moon sit at an awkward angle, so the way one shows interest is not what the other looks for. A playful tease can read as distance, a slow reply as disinterest. Ask instead of guessing.","Ask {name}: ""How do you know someone is into you?"""
moon-sun:6,"Sun and Moon (who you are, what they need)",6,Opposition,spark,Opposites with a real pull. Balance the energy.,Magnetic opposites,Two halves of the same sky.,A Sun opposite a Moon is like a full moon between two people: bright and a little intense. Dates will have chemistry and some push and pull. Take turns choosing the plan so nobody feels steamrolled.,"Date idea: you pick the first stop, {name} picks the second."
mars-venus:0,"Venus and Mars (chemistry, attraction)",0,Conjunction,spark,Chemistry from hello. Skip the small talk.,Instant chemistry,The attraction will not be subtle.,"Venus and Mars in the same sign is the classic sign of physical chemistry: what one finds attractive is what the other gives off. Expect flirting from the first message. Enjoy it, and still find out who {name} really is.","Open with something bold, not ""hey""."
mars-venus:1,"Venus and Mars (chemistry, attraction)",1,Semi sextile,rub,Attraction builds slowly. Give it two dates.,Slow build,"A slow burn, not a spark.","Venus and Mars sit side by side, so the interest is real but the timing is off at first. A quiet first date does not mean no chemistry. Plan a second one before you decide.","At the end of date one, suggest date two."
mars-venus:2,"Venus and Mars (chemistry, attraction)",2,Sextile,align,Flirting with {name} will feel effortless.,Easy flirting,Playful and light.,"Venus and Mars make a friendly angle, so teasing lands and nobody tries too hard. Texting will be fun and dates will have good banter. Pick dates with a little play in them.","Date idea: mini golf or bowling, loser buys dessert."
mars-venus:3,"Venus and Mars (chemistry, attraction)",3,Square,rub,"Hot, with opinions. Keep the teasing playful.",Push and pull,Tension you can feel.,"Venus and Mars square off: strong attraction, strong opinions. Dates can swing between flirting and debating. Tease, do not score points, and it stays exciting instead of tiring.","Open with: ""Give me your most controversial food opinion."""
mars-venus:4,"Venus and Mars (chemistry, attraction)",4,Trine,align,"The attraction is easy, and it lasts.",Chemistry that lasts,Attraction that feels safe.,"Venus and Mars share an element, so what one wants, the other enjoys giving. The chemistry does not burn out after a few dates. Keep dates intentional, not just convenient, and it stays that way.",Let {name} plan date two. You plan date three.
mars-venus:5,"Venus and Mars (chemistry, attraction)",5,Quincunx,rub,Different romance styles. Say what you like.,Different romance styles,"Lost in translation, at first.","Venus and Mars sit at an awkward angle: one likes the chase, the other likes a slow reveal. Early on one of you may feel the other is too much or not enough. Say plainly what feels romantic to you.","Ask {name}: ""Your perfect first date in one line?"""
mars-venus:6,"Venus and Mars (chemistry, attraction)",6,Opposition,spark,"Opposites attract, strongly. Keep it a game.",Magnetic attraction,"Opposites, very much attracting.","Venus opposite Mars is pure magnetism: you each have what the other wants. Expect intense first dates. Keep the push and pull fun, and never turn it into a contest over who cares less.","Open with: ""What is instantly attractive to you?"""
venus-venus:0,Venus and Venus (romance style),0,Conjunction,spark,You love the same way. Dates plan themselves.,Same love style,"Same taste, same kind of love.","Your Venus signs match, and Venus is what you find romantic. You will like the same kind of dates and show affection the same way. The only risk is getting comfortable, so surprise each other sometimes.",Swap your top three date ideas and do the overlap.
venus-venus:1,Venus and Venus (romance style),1,Semi sextile,rub,"Similar tastes, small debates. Take turns picking.",Slightly different tastes,Neighbours in love.,"Your Venus signs sit side by side: you agree on most romantic things and gently disagree on the rest, like fancy dinner versus food truck. Take turns picking and you both get new experiences.","Ask {name}: ""Fancy dinner or great food truck?"""
venus-venus:2,Venus and Venus (romance style),2,Sextile,align,Friday is a shared yes. Plans come easy.,Easy date plans,You like the same kind of fun.,"Your Venus signs make a friendly angle, so date planning is fast and nobody sulks about the restaurant. The early dating phase stays smooth. Use the saved energy to actually get to know each other.",Ask {name} to pick a spot tonight and just go.
venus-venus:3,Venus and Venus (romance style),3,Square,rub,You show love differently. Learn {name}'s way.,Different love languages,"Two love languages, one table.","Your Venus signs square off, so you show affection in different ways: one gives gifts, the other wants time, or the reverse. Small misses can feel like not caring. Ask early and show it the way {name} likes.","Ask {name}: ""Words, time, touch, gifts or help. Rank them."""
venus-venus:4,Venus and Venus (romance style),4,Trine,align,You want the same things in love.,Same values in love,Your hearts want the same things.,"Your Venus signs share an element, so your ideas of romance, loyalty and fun line up. Talking about what you want will not feel like a negotiation. If you are dating with intent, this saves a lot of guessing.","Ask {name}: ""Best date you have ever been on?"""
venus-venus:5,Venus and Venus (romance style),5,Quincunx,rub,Your ideas of romance differ. Get curious.,Romance needs explaining,Different ideas of sweet.,"Your Venus signs sit at an awkward angle: the effort is there, the style is not. A grand gesture can feel like too much, a casual plan like too little. Ask instead of guessing and it gets easy.","Ask {name}: ""What kind of romance is overrated?"""
venus-venus:6,Venus and Venus (romance style),6,Opposition,spark,Opposite tastes. Trade turns and you both win.,Opposite tastes,You fill in each other's gaps.,"Your Venus signs are opposite: one likes cozy, the other likes loud. You will introduce each other to new things. Alternate who picks the date and it stays fresh.",Date idea: each of you plans half the night.
sun-sun:0,"Sun and Sun (personality, energy)",0,Conjunction,spark,Same sign. You'll get each other fast.,Mirror energy,Two of the same sign.,"Your Suns match, so your personalities and energy feel familiar right away. Conversation flows and you laugh at the same things. Watch for shared blind spots, and take turns leading.","Open with: ""Best and worst thing about our sign, go."""
sun-sun:1,"Sun and Sun (personality, energy)",1,Semi sextile,rub,"Neighbour signs. Different pace, still close.",Different pace,Side by side on the wheel.,"Your Suns sit next to each other: different enough to be interesting, close enough to feel familiar. Your natural pace may differ, like planner versus spontaneous. Mix both styles on your dates.","Ask {name}: ""Planner or spontaneous?"""
sun-sun:2,"Sun and Sun (personality, energy)",2,Sextile,align,Your energy matches. Easy company.,Easy energy,Friendly Suns.,"Your Suns make a friendly angle, so your pace of life fits. You will enjoy doing things together without competing. Active dates work well for you two.","Date idea: a market, a gallery or a short hike."
sun-sun:3,"Sun and Sun (personality, energy)",3,Square,rub,Two strong wills. Pick your battles.,Strong wills,Friction that sharpens you.,"Your Suns square off, so you have different ideas of how things should be done. Expect lively disagreements, even about where to eat. Respect the difference and it keeps things interesting instead of tense.","Ask {name}: ""What is a total non negotiable for you?"""
sun-sun:4,"Sun and Sun (personality, energy)",4,Trine,align,"Same element, same energy. Easy from the start.",Natural harmony,Your Suns share an element.,"Your Suns share an element, so your energy, humour and pace line up naturally. First dates feel easy and you will not run out of things to do. Build on it with a second date soon.","Ask {name}: ""Describe your perfect day, start to finish."""
sun-sun:5,"Sun and Sun (personality, energy)",5,Quincunx,rub,Different speeds. Meet in the middle on plans.,Mismatched pace,"Different speeds, same road.","Your Suns sit at an awkward angle, so you move through life at different speeds. One might be an early bird, the other a night owl. Pick date times that suit both instead of defaulting to one.","Ask {name}: ""Early bird or night owl?"""
sun-sun:6,"Sun and Sun (personality, energy)",6,Opposition,spark,Opposite signs. You balance each other out.,Opposites attract,Across the wheel from each other.,"Your Suns are opposite: what one lacks, the other has. There is real attraction in that difference. It works best when you stop keeping score and start trading strengths.","Ask {name}: ""What does your opposite sign get right?"""
mercury-mercury:0,"Mercury and Mercury (texting, talking)",0,Conjunction,spark,Same texting style. The chat won't run dry.,Same wavelength,You think out loud the same way.,"Your Mercury signs match, and Mercury is how you talk and text. Jokes land, replies come at the same pace, and conversation will not be the problem. Move from chat to a real date sooner rather than later.",Send {name} a voice note instead of a text.
mercury-mercury:1,"Mercury and Mercury (texting, talking)",1,Semi sextile,rub,Different texting styles. Don't read into it.,Different texting styles,Close enough to banter.,"Your Mercury signs sit side by side: one sends long messages, the other short ones. A short reply is not a lack of interest. Ask how {name} likes to talk and meet halfway.","Ask {name}: ""Call, text or voice note?"""
mercury-mercury:2,"Mercury and Mercury (texting, talking)",2,Sextile,align,Banter comes easy. Texting will be fun.,Easy banter,The conversation flows.,"Your Mercury signs make a friendly angle, so you get each other's jokes and the thread keeps going. The talking stage will be easy. Use the momentum to lock in a date.",Send {name} the funniest thing you saw today.
mercury-mercury:3,"Mercury and Mercury (texting, talking)",3,Square,rub,Talks turn into debates. Listen first.,Talks turn into debates,Debate club energy.,"Your Mercury signs square off, so you process out loud differently and small talk can become a debate. Over text, tone gets lost. Save big topics for in person and listen before answering.",Ask {name} for one opinion you disagree with. Then just listen.
mercury-mercury:4,"Mercury and Mercury (texting, talking)",4,Trine,align,{name} gets it first try. Less explaining.,Speak the same language,Words land the way you mean them.,"Your Mercury signs share an element, so your words land the way you meant them. Fewer misread texts, more inside jokes. A great sign for long conversations on early dates.","Ask {name}: ""What changed your mind about something big?"""
mercury-mercury:5,"Mercury and Mercury (texting, talking)",5,Quincunx,rub,"Texts get misread. When in doubt, call.",Mixed signals,"Same words, different meanings.","Your Mercury signs sit at an awkward angle, so tone gets misread, especially over text. A dry joke can look cold. Switch to a quick call or a voice note when something feels off.",Suggest a five minute call instead of ten texts.
mercury-mercury:6,"Mercury and Mercury (texting, talking)",6,Opposition,spark,"Opposite views, great conversations.","Opposite views, great talks",Every debate is a date.,"Your Mercury signs are opposite, so you bring the other side to every topic. Conversations are lively and never boring. Keep it playful and curious, not a debate you have to win.","Open with: ""Pineapple on pizza. Defend your side."""
mercury-moon:0,Mercury and Moon (words and feelings),0,Conjunction,spark,What you say lands right. {name} feels heard.,Feels understood,"What one says, the other feels.","One person's Mercury sits on the other's Moon, so words land right in the feelings. You will rarely feel misunderstood, even over text. Be generous with compliments, they will stick.",Tell {name} one specific thing you liked about the last chat.
mercury-moon:1,Mercury and Moon (words and feelings),1,Semi sextile,rub,Say it twice. Feelings take a beat to land.,Say it more than once,"Close, but check in.","Mercury and Moon are one sign apart, so words and feelings need a moment to connect. A quick ""had fun"" might not register as interest. Be a little more explicit than feels natural.","After the date, text what you liked most about it."
mercury-moon:2,Mercury and Moon (words and feelings),2,Sextile,align,Talking to {name} feels calming.,Calming conversations,"Easy words, soft landing.","Mercury and Moon make a friendly angle, so conversations calm you both down. Late night talks will feel good, not draining. A good sign for a phone call before the first date.",Ask {name} for a song that fixes any mood.
mercury-moon:3,Mercury and Moon (words and feelings),3,Square,rub,Jokes can sting. Clear it up fast if one does.,Words land hard,Handle with care.,"Mercury and Moon square off, so a joke from one can land as a jab for the other. It is usually not meant that way. If something feels off, say so quickly and it clears up fast.","Ask {name}: ""What kind of teasing is off limits?"""
mercury-moon:4,Mercury and Moon (words and feelings),4,Trine,align,"{name} hears what you mean, not just what you say.",Really heard,Head and heart in sync.,"Mercury and Moon share an element, so the way one talks matches the way the other feels. Deep talks come easy early on. A good sign if you want more than small talk.","Ask {name}: ""What memory never gets old?"""
mercury-moon:5,Mercury and Moon (words and feelings),5,Quincunx,rub,Big talks need good timing. Pick the moment.,Timing matters,Pick the right moment.,"Mercury and Moon sit at an awkward angle, so serious talks go better at the right time. A deep question over text at midnight might not land. Save the big stuff for in person.","Ask {name}: ""Serious talks: morning or night?"""
mercury-moon:6,Mercury and Moon (words and feelings),6,Opposition,spark,"One leads with logic, one with feeling. Ask both.",Head and heart,Opposite ends of a conversation.,"Mercury opposite Moon means one leads with logic and the other with feeling. Together you see the whole picture. On dates, ask how the other feels about something, not just the facts.","Ask {name}: ""Head or heart when making a big call?"""
rising-rising:0,Rising and Rising (first impression),0,Conjunction,spark,Same vibe. You'll click from the first hello.,Same first impression,Same vibe from across the room.,"Your Rising signs match, and the Rising is how you come across. You give off the same energy, so meeting feels familiar. First impressions will be strong, so go deeper on date two.","Ask {name}: ""What do people assume about you at first?"""
rising-rising:1,Rising and Rising (first impression),1,Semi sextile,rub,"One walks in loud, one quiet. Pick the spot together.",Different social energy,Slightly different energy.,"Your Rising signs sit side by side, so you come across differently: one louder, one quieter. First impressions might not show the real chemistry. Pick a first date spot that suits you both.","Ask {name}: ""Loud bar or quiet spot for a first date?"""
rising-rising:2,Rising and Rising (first impression),2,Sextile,align,You'll look good together. Double dates work.,Great in public,A natural fit in a room.,"Your Rising signs make a friendly angle, so your social styles fit. You will be easy to bring around friends. Group hangs and double dates will go well.",Date idea: somewhere lively with good music.
rising-rising:3,Rising and Rising (first impression),3,Square,rub,Party mode versus home mode. Trade nights.,Different social styles,Party mode versus home mode.,"Your Rising signs square off: one wants to go out, the other wants to stay in. Early dates can feel mismatched in energy. Alternate who picks and nobody loses.","Ask {name}: ""Big night out or small dinner?"""
rising-rising:4,Rising and Rising (first impression),4,Trine,align,Same energy in a room. Easy first date.,Matching energy,You move through the world alike.,"Your Rising signs share an element, so your style and pace feel familiar right away. First dates feel natural, with no awkward warm up. Try somewhere new together.",Date idea: a place neither of you has been.
rising-rising:5,Rising and Rising (first impression),5,Quincunx,rub,First impressions undersell this. Give it a date.,Takes time to read,Give it a second date.,"Your Rising signs sit at an awkward angle, so first impressions might not show who you are together. The first date may feel off even when the match is good. Look past the opening act.","Ask {name}: ""What do people only learn about you later?"""
rising-rising:6,Rising and Rising (first impression),6,Opposition,spark,Opposite Risings. Classic attraction on sight.,Attraction on sight,You are each other's type.,"Your Rising signs are opposite, which is the partnership point of the chart. The attraction is instant and physical. Enjoy it, and use the next dates to see if the rest lines up.","Ask {name}: ""What did you notice first?"""
rising-sun:0,"Sun and Rising (attraction, your type)",0,Conjunction,spark,One of you is exactly the other's type.,Instant attraction,You look like each other's answer.,"One person's Sun sits on the other's Rising: who one is matches what the other shows the world. Expect a strong first spark. Let the first date be fun, not an interview.",Tell {name} the first thing you noticed.
rising-sun:1,"Sun and Rising (attraction, your type)",1,Semi sextile,rub,Takes a minute to click. Don't judge date one.,Slow first impression,A second look helps.,"Sun and Rising are one sign apart, so attraction grows rather than hits. The first date might feel only okay. Give it a proper second try before deciding.",Plan date two before date one ends.
rising-sun:2,"Sun and Rising (attraction, your type)",2,Sextile,align,"Easy attraction, and it's mutual.",Easy attraction,Comfortable from hello.,"Sun and Rising make a friendly angle, so you are at ease with how the other shows up, from the outfit to the jokes. First dates feel relaxed. Compliment something specific.","Ask {name}: ""What is your style signature?"""
rising-sun:3,"Sun and Rising (attraction, your type)",3,Square,rub,First impressions may mislead. Look twice.,First impressions mislead,Look past the first read.,"Sun and Rising square off, so the first read might rub the wrong way. Someone who seems too much or too quiet at first often surprises on date two. Give it that second read.","Ask {name}: ""What do people misjudge about you at first?"""
rising-sun:4,"Sun and Rising (attraction, your type)",4,Trine,align,You see the real {name} right away.,See the real person,Recognition at first sight.,"Sun and Rising share an element, so what one shows the world matches what the other is inside. No need for a dating persona. Be yourself from the first message.","Ask {name}: ""Proudest moment this year?"""
rising-sun:5,"Sun and Rising (attraction, your type)",5,Quincunx,rub,Hard to read at first. Stay curious.,Hard to read,Different on the inside.,"Sun and Rising sit at an awkward angle, so how one comes across differs from what is underneath. Early signals may be confusing. Ask direct questions instead of reading between the lines.",Ask {name} for the story behind a favourite photo.
rising-sun:6,"Sun and Rising (attraction, your type)",6,Opposition,spark,Across from each other. Relationship energy.,Partner energy,The partner point.,"One person's Sun sits opposite the other's Rising, right on the partnership point of the chart. This is textbook relationship energy. If you want something real, pay attention to this one.","Ask {name}: ""What does a good partnership look like to you?"""
