key,planet,house,meter,card_line,chip,s21_body
house:sun:1,sun,1,spark,A Sun in the other's first house. Hard to look away.,Hard to look away,"When one Sun lands in the other's first house, that person shows up like a spotlight. Attraction on sight."
house:sun:5,sun,5,spark,A Sun in the romance house. This one is fun.,Fun and romance,"One Sun lands in the other's fifth house, the house of romance and play. Dates feel like a good night out, every time."
house:sun:7,sun,7,align,A Sun in the partnership house. Built to last.,Partner material,"One Sun lands in the other's seventh house, the house of partnership. This is someone you could build with."
house:sun:8,sun,8,spark,A Sun in the intimacy house. It goes deep.,Deep connection,"One Sun lands in the other's eighth house, the house of intimacy. Surface level will not be enough for either of you."
house:moon:1,moon,1,spark,A Moon in the first house. Feelings show on sight.,Emotionally open,One Moon lands in the other's first house. You notice each other's moods before a word is said.
house:moon:5,moon,5,spark,A Moon in the romance house. Sweet and playful.,Playful affection,"One Moon lands in the other's fifth house. Affection comes out as play, jokes and little surprises."
house:moon:7,moon,7,align,A Moon in the partnership house. Feels like home.,Feels like home,"One Moon lands in the other's seventh house. Being together feels safe and settled, like you have done this before."
house:moon:8,moon,8,spark,A Moon in the intimacy house. Trust runs deep.,Deep trust,"One Moon lands in the other's eighth house. Big feelings and secrets feel safe here, once trust is earned."
house:venus:1,venus,1,spark,Venus in the first house. Pure attraction.,Pure attraction,One Venus lands in the other's first house. The attraction is obvious to both of you and to everyone around you.
house:venus:5,venus,5,spark,Venus in the romance house. Date nights sparkle.,Date night magic,"One Venus lands in the other's fifth house. Romance, flirting and fun come naturally. Plan the good dates."
house:venus:7,venus,7,align,Venus in the partnership house. Made for commitment.,Commitment energy,"One Venus lands in the other's seventh house. Love here leans toward the real thing, not a fling."
house:venus:8,venus,8,spark,Venus in the intimacy house. Intense in the best way.,Intensity,One Venus lands in the other's eighth house. Deep attraction with real emotional stakes. Go slow and savour it.
