key,element_a,element_b,in_general,in_dating
element:Fire-Fire,Fire,Fire,"Two fire signs: big energy, big fun and zero tolerance for boring weekends.",Expect fast chemistry and faster plans. Best dates: something active or spontaneous. Watch out for competing for the spotlight.
element:Earth-Earth,Earth,Earth,"Two earth signs: steady, loyal and practical in the best way.",Dating feels calm and real from the start. Best dates: a great meal or a slow weekend morning. Add surprises so steady never turns into stuck.
element:Air-Air,Air,Air,Two air signs: you make each other lighter and the conversation never ends.,"The talking stage will be easy. Best dates: somewhere you can talk for hours. Make sure feelings get airtime, not just ideas."
element:Water-Water,Water,Water,"Two water signs: deep feeling, strong intuition and a lot said without words.","Dating feels intense and safe at once. Best dates: quiet, close and a little romantic. Protect each other's moods."
element:Air-Fire,Air,Fire,"Air fans fire: one brings the ideas, the other brings the action.","Expect adventures and late nights. Best dates: a new place or a last minute plan. Fire keeps it exciting, air keeps it light."
element:Earth-Water,Earth,Water,"Water nourishes earth: one feels, one steadies, and both grow.","Dating feels grounded and tender. Best dates: cooking together or a cozy spot. Earth gives safety, water gives depth."
element:Earth-Fire,Earth,Fire,"Fire and earth: one wants to go now, the other wants a plan.","Plan the adventure together. Best dates: something bold, booked in advance. Fire lights it, earth makes it happen."
element:Fire-Water,Fire,Water,"Fire and water make steam: gorgeous, loud and full of feeling.","Chemistry is strong and so are reactions. Best dates: something with passion, like live music. Say things gently and the steam stays warm."
element:Air-Earth,Air,Earth,"Air and earth: ideas meet reality. One dreams, the other builds.","Dates mix big talk and real plans. Best dates: a museum, then dinner. Respect both styles and you get more done than most couples."
element:Air-Water,Air,Water,Air and water: head meets heart. You see the world very differently.,"Talk about feelings, not just thoughts. Best dates: a long walk with real conversation. Water needs to feel it, air needs to say it."
